"nom";"prenom";"telephone";"dateNaissance";"adresse";"ville";"emailParent"
"Smith";"Mary";123456789;2003-12-31;"28, Boulevard de Belleville";"Toulouse";"kate.smith@google.com"
"Johnson";"Patricia";123456790;1999-12-25;"32, Rue Lecourbe";"Toulouse";"balthazar.johnson@facebook.com"
"Williams";"Linda";123456791;2003-12-18;"29, Boulevard de Ménilmontant";"Toulouse";"marius.williams@youtube.com"
"Jones";"Barbara";123456792;1999-12-24;"30, Champs-Élysées";"Toulouse";"melina.jones@wikipedia.org"
"Brown";"Elizabeth";123456793;2003-12-19;"35, Rue de la Convention";"Toulouse";"maelle.brown@yahoo.com"
"Davis";"Jennifer";123456794;1999-12-23;"40, Rue de Vaugirard";"Toulouse";"orson.davis@leboncoin.fr"
"Miller";"Maria";123456795;1999-12-20;"30, Rue de Courcelles";"Toulouse";"christie.miller@amazon.fr"
"Wilson";"Susan";123456796;1999-12-22;"14, Avenue de la République";"Toulouse";"esteban.wilson@live.com"
"Moore";"Margaret";123456797;1999-12-21;"31, Boulevard Voltaire";"Toulouse";"steve.moore@orange.fr"
"Taylor";"Dorothee";123456798;2003-12-17;"18, Boulevard de la Villette";"Toulouse";"alex.taylor@twitter.com"
"Anderson";"Lisa";123456799;1999-12-25;"23, Avenue de Neuilly";"Toulouse";"corinne.anderson@linkedin.com"
"Thomas";"Nancy";123456800;1999-12-18;"35, Rue de Paradis";"Toulouse";"quentin.thomas@free.fr"
"Jackson";"Karen";123456801;1999-12-24;"25, Avenue Mozart";"Toulouse";"cyriac.jackson@lemonde.fr"
"White";"Betty";123456802;1999-12-19;"25, Boulevard Saint-Michel";"Toulouse";"leo.white@lefigaro.fr"
"Harris";"Helen";123456803;1999-12-23;"15, Place Pigalle";"Toulouse";"clementine.harris@ebay.fr"
"Martin";"Sandra";123456804;1999-12-20;"29, Boulevard Saint-Germain";"Toulouse";"lana.martin@commentcamarche.net"
"Thompson";"Donna";123456805;1999-12-22;"24, Avenue Matignon";"Toulouse";"elina.thompson@lequipe.fr"
"Garcia";"Carol";123456806;2003-12-21;"13, Boulevard Malsherbes";"Toulouse";"etienne.garcia@t.co"
"Martinez";"Ruth";123456807;1999-12-17;"27, Avenue Henri-Martin";"Toulouse";"diego.martinez@allocine.fr"
"Robinson";"Sharon";123456808;1999-12-25;"17, Boulevard Haussmann";"Toulouse";"colin.robinson@cdiscount.com"
"Clark";"Michelle";123456809;1999-12-18;"18, Faubourg Saint-Honoré";"Toulouse";"olivia.clark@wordpress.com"
"Rodriguez";"Laura";123456810;1999-12-24;"25, Place de la Bourse";"Toulouse";"letizia.rodriguez@jeuxvideo.com"
"Lewis";"Sarah";123456811;1999-12-19;"26, Rue Lafayette";"Toulouse";"manu.lewis@nouvelobs.com"
"Lee";"Kimberly";123456812;1999-12-23;"35, Rue de Rivoli";"Toulouse";"elina.lee@meteofrance.com"
"Walker";"Deborah";123456813;1999-12-20;"19, Avenue de Breteuil";"Toulouse";"elias.walker@pagesjaunes.fr"
"Hall";"Jessica";123456814;2003-12-22;"13, Avenue de Suffren ";"Toulouse";"chiara.hall@tumblr.com"
"Allen";"Shirley";123456815;1999-12-21;"25, Avenue Foch";"Toulouse";"robin.allen@dailymotion.com"
"Young";"Cynthia";123456816;1999-12-17;"33, Boulevard des Capucines";"Toulouse";"nina.young@adcash.com"
"Hernandez";"Angela";123456817;1999-12-25;"30, Place Vendôme";"Toulouse";"thibault.hernandez@sfr.fr"
"King";"Melissa";123456818;2003-12-18;"35, Champs-Élysées";"Toulouse";"apolline.king@viadeo.com"
"Wright";"Brenda";123456819;1999-12-24;"25, Rue de la Paix";"Toulouse";"aymeric.wright@instagram.com"
"Lopez";"Amy";123456820;1999-12-19;"17, Place Pigalle";"Toulouse";"emilien.lopez@linternaute.com"
"Hill";"Anna";123456821;2003-12-23;"25, Avenue Matignon";"Toulouse";"candice.hill@ovh.com"
"Scott";"Rebecca";123456822;2003-12-20;"41, Rue de Rivoli";"Toulouse";"guillaume.scott@pinterest.com"
"Green";"Virginia";123456823;1999-12-22;"42, Place Vendôme";"Toulouse";"mailys.green@msn.com"
"Adams";"Kathleen";123456824;1999-12-21;"32, Boulevard de Belleville";"Toulouse";"william.adams@voyages-sncf.com"
"Baker";"Pamela";123456825;2003-12-17;"30, Rue de la Convention";"Toulouse";"capucine.baker@over-blog.com"
"Gonzalez";"Martha";123456826;1999-12-25;"27, Avenue de Neuilly";"Toulouse";"dylan.gonzalez@stackoverflow.com"
"Nelson";"Debra";123456827;1999-12-18;"37, Avenue Henri-Martin";"Toulouse";"elina.nelson@paypal.com"
"Carter";"Amanda";123456828;1999-12-24;"28, Boulevard Haussmann";"Toulouse";"jean.carter@priceminister.com"
"Mitchell";"Stephanie";123456829;1999-12-19;"15, Avenue de Breteuil";"Toulouse";"leonie.mitchell@societe.com"
"Perez";"Carolyn";123456830;1999-12-23;"38, Place Pigalle";"Toulouse";"aymeric.perez@20minutes.fr"
"Roberts";"Christine";123456831;1999-12-20;"19, Avenue Matignon";"Toulouse";"chiara.roberts@apple.com"
"Turner";"Marie";123456832;1999-12-22;"27, Boulevard de Belleville";"Toulouse";"oscar.turner@pole-emploi.fr"
"Phillips";"Janet";123456833;1999-12-21;"32, Rue de la Convention";"Toulouse";"salome.phillips@leparisien.fr"
"Campbell";"Catherine";123456834;1999-12-17;"14, Avenue de Neuilly";"Toulouse";"florian.campbell@fnac.com"
"Parker";"Frances";123456835;1999-12-25;"27, Avenue Henri-Martin";"Toulouse";"constance.parker@lexpress.fr"
"Evans";"Ann";123456836;1999-12-18;"28, Boulevard Haussmann";"Toulouse";"alex.evans@bing.com"
"Edwards";"Joyce";123456837;1999-12-24;"35, Avenue de Breteuil";"Toulouse";"andrea.edwards@tf1.fr"
"Collins";"Diane";123456838;1999-12-19;"33, Place Pigalle";"Toulouse";"etienne.collins@microsoft.com"
"Stewart";"Alice";123456839;1999-12-23;"41, Avenue Matignon";"Toulouse";"flora.stewart@deezer.com"
"Sanchez";"Julie";123456840;1999-12-20;"41, Boulevard de Ménilmontant";"Toulouse";"dorian.sanchez@booking.com"
"Morris";"Heather";123456841;1999-12-22;"37, Boulevard Voltaire";"Toulouse";"angele.morris@journaldunet.com"
"Rogers";"Teresa";123456842;2003-12-21;"26, Boulevard de la Villette";"Toulouse";"bastien.rogers@reverso.net"
"Reed";"Doris";123456843;1999-12-17;"19, Avenue Matignon";"Toulouse";"angele.reed@credit-agricole.fr"
"Cook";"Gloria";123456844;1999-12-25;"19, Boulevard Malsherbes";"Toulouse";"emilien.cook@outbrain.com"
"Morgan";"Evelyn";123456845;1999-12-18;"19, Avenue de Breteuil";"Toulouse";"candice.morgan@boursorama.com"
"Bell";"Jean";123456846;1999-12-24;"12, Avenue de Suffren ";"Toulouse";"guillaume.bell@amazon.com"
"Murphy";"Cheryl";123456847;1999-12-19;"30, Rue de la Paix";"Toulouse";"mailys.murphy@labanquepostale.fr"
"Bailey";"Mildred";123456848;2003-12-23;"33, Rue de Rivoli";"Toulouse";"william.bailey@vente-privee.com"
"Rivera";"Katherine";123456849;1999-12-20;"27, Rue de Vaugirard";"Toulouse";"capucine.rivera@seloger.com"
"Cooper";"Joan";123456850;1999-12-22;"25, Avenue Mozart";"Toulouse";"dylan.cooper@ovh.net"
"Richardson";"Ashley";123456851;1999-12-21;"15, Boulevard Saint-Michel";"Toulouse";"elina.richardson@imgur.com"
"Cox";"Judith";123456852;1999-12-17;"20, Rue Lafayette";"Toulouse";"jean.cox@colissimo.fr"
"Howard";"Rose";123456853;1999-12-25;"27, Rue de Rivoli";"Toulouse";"leonie.howard@wordpress.org"
"Ward";"Janice";123456854;1999-12-18;"37, Rue de la Paix";"Toulouse";"aymeric.ward@bfmtv.com"
"Torres";"Kelly";123456855;1999-12-24;"17, Place Pigalle";"Toulouse";"chiara.torres@clubic.com"
"Peterson";"Nicole";123456856;1999-12-19;"41, Rue de Rivoli";"Toulouse";"oscar.peterson@tripadvisor.fr"
"Gray";"Judy";123456857;1999-12-23;"42, Place Vendôme";"Toulouse";"salome.gray@laposte.net"
"Ramirez";"Christina";123456858;1999-12-20;"18, Avenue de Neuilly";"Toulouse";"florian.ramirez@rueducommerce.fr"
"James";"Kathy";123456859;1999-12-22;"26, Avenue Henri-Martin";"Toulouse";"constance.james@liberation.fr"
"Watson";"Theresa";123456860;1999-12-21;"16, Avenue de Breteuil";"Toulouse";"alex.watson@01net.com"
"Brooks";"Beverly";123456861;1999-12-17;"23, Avenue de Breteuil";"Toulouse";"andrea.brooks@lepoint.fr"
"Kelly";"Denise";123456862;1999-12-25;"41, Place Pigalle";"Toulouse";"etienne.kelly@doctissimo.fr"
"Sanders";"Tammy";123456863;1999-12-18;"30, Place Vendôme";"Toulouse";"flora.sanders@aliexpress.com"
"Price";"Irene";123456864;1999-12-24;"37, Rue Lecourbe";"Toulouse";"dorian.price@bnpparibas.net"
"Bennett";"Jane";123456865;1999-12-19;"26, Champs-Élysées";"Toulouse";"angele.bennett@vimeo.com"
"Wood";"Lori";123456866;1999-12-23;"21, Boulevard de la Villette";"Toulouse";"bastien.wood@openclassrooms.com"
"Barnes";"Rachel";123456867;1999-12-20;"27, Avenue de Neuilly";"Toulouse";"angele.barnes@ask.com"
"Ross";"Marilyn";123456868;1999-12-22;"24, Boulevard Saint-Germain";"Toulouse";"emilien.ross@instagram.com"
"Henderson";"Andrea";123456869;1999-12-21;"16, Avenue Matignon";"Toulouse";"candice.henderson@linternaute.com"
"Coleman";"Kathryn";123456870;1999-12-17;"22, Faubourg Saint-Honoré";"Toulouse";"guillaume.coleman@ovh.com"
"Jenkins";"Louise";123456871;1999-12-25;"32, Place de la Bourse";"Toulouse";"mailys.jenkins@pinterest.com"
"Perry";"Sara";123456872;2003-12-18;"15, Avenue Foch";"Toulouse";"william.perry@msn.com"
"Powell";"Anne";123456873;1999-12-24;"19, Boulevard des Capucines";"Toulouse";"capucine.powell@voyages-sncf.com"
"Long";"Jacqueline";123456874;1999-12-19;"21, Place Pigalle";"Toulouse";"dylan.long@over-blog.com"
"Patterson";"Wanda";123456875;2003-12-23;"32, Avenue de Neuilly";"Toulouse";"elina.patterson@stackoverflow.com"
"Hughes";"Bonnie";123456876;1999-12-20;"19, Avenue Henri-Martin";"Toulouse";"jean.hughes@paypal.com"
"Flores";"Julia";123456877;1999-12-22;"28, Avenue de Breteuil";"Toulouse";"leonie.flores@priceminister.com"
"Washington";"Ruby";123456878;1999-12-21;"20, Avenue de Breteuil";"Toulouse";"aymeric.washington@societe.com"
"Butler";"Lois";123456879;1999-12-17;"41, Place Pigalle";"Toulouse";"chiara.butler@20minutes.fr"
"Simmons";"Tina";123456880;1999-12-25;"21, Place Vendôme";"Toulouse";"oscar.simmons@apple.com"
"Foster";"Phyllis";123456881;1999-12-18;"25, Avenue Henri-Martin";"Toulouse";"salome.foster@pole-emploi.fr"
"Gonzales";"Norma";123456882;2003-12-24;"33, Avenue de Breteuil";"Toulouse";"florian.gonzales@leparisien.fr"
"Bryant";"Paula";123456883;1999-12-19;"32, Place Pigalle";"Toulouse";"constance.bryant@fnac.com"
"Alexander";"Diana";123456884;1999-12-23;"13, Boulevard Voltaire";"Toulouse";"alex.alexander@lexpress.fr"
"Russell";"Annie";123456885;1999-12-20;"32, Rue de Vaugirard";"Toulouse";"andrea.russell@bing.com"
"Griffin";"Lillian";123456886;1999-12-22;"37, Rue Lafayette";"Toulouse";"etienne.griffin@tf1.fr"
"Diaz";"Emily";123456887;1999-12-21;"40, Place Pigalle";"Toulouse";"flora.diaz@microsoft.com"
"Hayes";"Robin";123456888;2003-12-26;"15, Avenue Henri-Martin";"Toulouse";"dorian.hayes@deezer.com"
